date,sales,month,is_weekend,is_holiday_season,year,week
2020-01-01,42432.1,1,0,0,2020,1
2020-01-02,44351.18,1,0,0,2020,1
2020-01-03,42508.16,1,0,0,2020,1
2020-01-04,36286.53,1,1,0,2020,1
2020-01-05,34749.95,1,1,0,2020,1
2020-01-06,42542.54,1,0,0,2020,2
2020-01-07,45856.39,1,0,0,2020,2
2020-01-08,44137.76,1,0,0,2020,2
2020-01-09,45670.39,1,0,0,2020,2
2020-01-10,43701.25,1,0,0,2020,2
2020-01-11,38066.72,1,1,0,2020,2
2020-01-12,37543.91,1,1,0,2020,2
2020-01-13,38916.24,1,0,0,2020,3
2020-01-14,45220.32,1,0,0,2020,3
2020-01-15,44348.96,1,0,0,2020,3
2020-01-16,44330.84,1,0,0,2020,3
2020-01-17,38856.19,1,0,0,2020,3
2020-01-18,32725.68,1,1,0,2020,3
2020-01-19,34862.16,1,1,0,2020,3
2020-01-20,41916.52,1,0,0,2020,4
2020-01-21,43851.41,1,0,0,2020,4
2020-01-22,42973.82,1,0,0,2020,4
2020-01-23,44391.83,1,0,0,2020,4
2020-01-24,41484.61,1,0,0,2020,4
2020-01-25,37862.75,1,1,0,2020,4
2020-01-26,38077.18,1,1,0,2020,4
2020-01-27,41439.75,1,0,0,2020,5
2020-01-28,47387.22,1,0,0,2020,5
2020-01-29,44485.72,1,0,0,2020,5
2020-01-30,46087.51,1,0,0,2020,5
2020-01-31,41544.96,1,0,0,2020,5
2020-02-01,38176.01,2,1,0,2020,5
2020-02-02,39165.48,2,1,0,2020,5
2020-02-03,45760.35,2,0,0,2020,6
2020-02-04,47607.4,2,0,0,2020,6
2020-02-05,46649.07,2,0,0,2020,6
2020-02-06,44910.41,2,0,0,2020,6
2020-02-07,43637.32,2,0,0,2020,6
2020-02-08,38728.92,2,1,0,2020,6
2020-02-09,43083.5,2,1,0,2020,6
2020-02-10,44012.13,2,0,0,2020,7
2020-02-11,46644.7,2,0,0,2020,7
2020-02-12,47099.9,2,0,0,2020,7
2020-02-13,42310.04,2,0,0,2020,7
2020-02-14,46156.39,2,0,0,2020,7
2020-02-15,43301.61,2,1,0,2020,7
2020-02-16,35000.89,2,1,0,2020,7
2020-02-17,45233.62,2,0,0,2020,8
2020-02-18,45773.05,2,0,0,2020,8
2020-02-19,43996.05,2,0,0,2020,8
2020-02-20,47283.48,2,0,0,2020,8
2020-02-21,45885.1,2,0,0,2020,8
2020-02-22,36379.96,2,1,0,2020,8
2020-02-23,42112.01,2,1,0,2020,8
2020-02-24,47716.54,2,0,0,2020,9
2020-02-25,48408.6,2,0,0,2020,9
2020-02-26,49646.29,2,0,0,2020,9
2020-02-27,46951.21,2,0,0,2020,9
2020-02-28,46344.59,2,0,0,2020,9
2020-02-29,36799.28,2,1,0,2020,9
2020-03-01,45586.61,3,1,0,2020,9
2020-03-02,48519.4,3,0,0,2020,10
2020-03-03,48917.85,3,0,0,2020,10
2020-03-04,46888.43,3,0,0,2020,10
2020-03-05,47632.16,3,0,0,2020,10
2020-03-06,48724.2,3,0,0,2020,10
2020-03-07,47274.89,3,1,0,2020,10
2020-03-08,38974.12,3,1,0,2020,10
2020-03-09,46410.14,3,0,0,2020,11
2020-03-10,50653.58,3,0,0,2020,11
2020-03-11,53664.37,3,0,0,2020,11
2020-03-12,51503.04,3,0,0,2020,11
2020-03-13,45307.74,3,0,0,2020,11
2020-03-14,37762.81,3,1,0,2020,11
2020-03-15,44952.69,3,1,0,2020,11
2020-03-16,48219.35,3,0,0,2020,12
2020-03-17,47261.33,3,0,0,2020,12
2020-03-18,52505.03,3,0,0,2020,12
2020-03-19,52816.87,3,0,0,2020,12
2020-03-20,50456.33,3,0,0,2020,12
2020-03-21,44678.44,3,1,0,2020,12
2020-03-22,45150.71,3,1,0,2020,12
2020-03-23,54050.61,3,0,0,2020,13
2020-03-24,51613.97,3,0,0,2020,13
2020-03-25,51363.82,3,0,0,2020,13
2020-03-26,51437.34,3,0,0,2020,13
2020-03-27,46148.02,3,0,0,2020,13
2020-03-28,47273.93,3,1,0,2020,13
2020-03-29,46458.16,3,1,0,2020,13
2020-03-30,51395.26,3,0,0,2020,14
2020-03-31,45137.31,3,0,0,2020,14
2020-04-01,52488.6,4,0,0,2020,14
2020-04-02,56179.36,4,0,0,2020,14
2020-04-03,49546.36,4,0,0,2020,14
2020-04-04,47615.14,4,1,0,2020,14
2020-04-05,50624.82,4,1,0,2020,14
2020-04-06,50798.83,4,0,0,2020,15
2020-04-07,58102.87,4,0,0,2020,15
2020-04-08,55458.31,4,0,0,2020,15
2020-04-09,53703.85,4,0,0,2020,15
2020-04-10,54892.17,4,0,0,2020,15
2020-04-11,49705.38,4,1,0,2020,15
2020-04-12,48382.58,4,1,0,2020,15
2020-04-13,56946.55,4,0,0,2020,16
2020-04-14,52429.34,4,0,0,2020,16
2020-04-15,53047.16,4,0,0,2020,16
2020-04-16,56689.01,4,0,0,2020,16
2020-04-17,54152.6,4,0,0,2020,16
2020-04-18,45885.24,4,1,0,2020,16
2020-04-19,50453.34,4,1,0,2020,16
2020-04-20,57751.74,4,0,0,2020,17
2020-04-21,52976.73,4,0,0,2020,17
2020-04-22,50639.62,4,0,0,2020,17
2020-04-23,53753.53,4,0,0,2020,17
2020-04-24,53718.65,4,0,0,2020,17
2020-04-25,47347.0,4,1,0,2020,17
2020-04-26,51604.73,4,1,0,2020,17
2020-04-27,51526.26,4,0,0,2020,18
2020-04-28,57245.87,4,0,0,2020,18
2020-04-29,50924.4,4,0,0,2020,18
2020-04-30,52128.4,4,0,0,2020,18
2020-05-01,58603.81,5,0,0,2020,18
2020-05-02,53847.53,5,1,0,2020,18
2020-05-03,53174.11,5,1,0,2020,18
2020-05-04,57890.47,5,0,0,2020,19
2020-05-05,57384.09,5,0,0,2020,19
2020-05-06,57410.21,5,0,0,2020,19
2020-05-07,58468.0,5,0,0,2020,19
2020-05-08,56590.11,5,0,0,2020,19
2020-05-09,51724.99,5,1,0,2020,19
2020-05-10,52464.02,5,1,0,2020,19
2020-05-11,57035.1,5,0,0,2020,20
2020-05-12,58943.76,5,0,0,2020,20
2020-05-13,58449.3,5,0,0,2020,20
2020-05-14,62061.98,5,0,0,2020,20
2020-05-15,57848.56,5,0,0,2020,20
2020-05-16,49968.02,5,1,0,2020,20
2020-05-17,50106.43,5,1,0,2020,20
2020-05-18,57005.84,5,0,0,2020,21
2020-05-19,59348.86,5,0,0,2020,21
2020-05-20,56198.79,5,0,0,2020,21
2020-05-21,58005.57,5,0,0,2020,21
2020-05-22,61635.06,5,0,0,2020,21
2020-05-23,44630.9,5,1,0,2020,21
2020-05-24,48233.63,5,1,0,2020,21
2020-05-25,57653.95,5,0,0,2020,22
2020-05-26,58040.84,5,0,0,2020,22
2020-05-27,57642.24,5,0,0,2020,22
2020-05-28,55968.72,5,0,0,2020,22
2020-05-29,58685.27,5,0,0,2020,22
2020-05-30,51753.53,5,1,0,2020,22
2020-05-31,49743.87,5,1,0,2020,22
2020-06-01,64196.73,6,0,0,2020,23
2020-06-02,59010.23,6,0,0,2020,23
2020-06-03,56737.63,6,0,0,2020,23
2020-06-04,57875.38,6,0,0,2020,23
2020-06-05,57560.81,6,0,0,2020,23
2020-06-06,51968.75,6,1,0,2020,23
2020-06-07,45306.19,6,1,0,2020,23
2020-06-08,56909.95,6,0,0,2020,24
2020-06-09,60649.42,6,0,0,2020,24
2020-06-10,55207.39,6,0,0,2020,24
2020-06-11,57962.85,6,0,0,2020,24
2020-06-12,60514.16,6,0,0,2020,24
2020-06-13,54271.64,6,1,0,2020,24
2020-06-14,55859.63,6,1,0,2020,24
2020-06-15,53879.27,6,0,0,2020,25
2020-06-16,57250.16,6,0,0,2020,25
2020-06-17,57282.03,6,0,0,2020,25
2020-06-18,59693.42,6,0,0,2020,25
2020-06-19,60865.47,6,0,0,2020,25
2020-06-20,45429.73,6,1,0,2020,25
2020-06-21,54859.3,6,1,0,2020,25
2020-06-22,54519.54,6,0,0,2020,26
2020-06-23,59847.07,6,0,0,2020,26
2020-06-24,54409.65,6,0,0,2020,26
2020-06-25,58580.43,6,0,0,2020,26
2020-06-26,61128.24,6,0,0,2020,26
2020-06-27,51769.1,6,1,0,2020,26
2020-06-28,52620.96,6,1,0,2020,26
2020-06-29,60136.81,6,0,0,2020,27
2020-06-30,58498.24,6,0,0,2020,27
2020-07-01,56852.6,7,0,0,2020,27
2020-07-02,60907.74,7,0,0,2020,27
2020-07-03,59696.58,7,0,0,2020,27
2020-07-04,50341.67,7,1,0,2020,27
2020-07-05,57940.32,7,1,0,2020,27
2020-07-06,54210.71,7,0,0,2020,28
2020-07-07,59365.13,7,0,0,2020,28
2020-07-08,56415.12,7,0,0,2020,28
2020-07-09,57411.12,7,0,0,2020,28
2020-07-10,58843.52,7,0,0,2020,28
2020-07-11,51637.36,7,1,0,2020,28
2020-07-12,52679.22,7,1,0,2020,28
2020-07-13,53265.09,7,0,0,2020,29
2020-07-14,53310.43,7,0,0,2020,29
2020-07-15,58622.36,7,0,0,2020,29
2020-07-16,54677.91,7,0,0,2020,29
2020-07-17,54519.98,7,0,0,2020,29
2020-07-18,47412.05,7,1,0,2020,29
2020-07-19,54254.15,7,1,0,2020,29
2020-07-20,58955.4,7,0,0,2020,30
2020-07-21,60772.49,7,0,0,2020,30
2020-07-22,54746.26,7,0,0,2020,30
2020-07-23,57093.92,7,0,0,2020,30
2020-07-24,54241.44,7,0,0,2020,30
2020-07-25,53008.1,7,1,0,2020,30
2020-07-26,55067.36,7,1,0,2020,30
2020-07-27,54869.05,7,0,0,2020,31
2020-07-28,60996.23,7,0,0,2020,31
2020-07-29,59566.28,7,0,0,2020,31
2020-07-30,56652.42,7,0,0,2020,31
2020-07-31,52167.88,7,0,0,2020,31
2020-08-01,51686.98,8,1,0,2020,31
2020-08-02,47930.55,8,1,0,2020,31
2020-08-03,52664.93,8,0,0,2020,32
2020-08-04,55171.79,8,0,0,2020,32
2020-08-05,55198.51,8,0,0,2020,32
2020-08-06,57919.64,8,0,0,2020,32
2020-08-07,51624.85,8,0,0,2020,32
2020-08-08,51016.59,8,1,0,2020,32
2020-08-09,51895.2,8,1,0,2020,32
2020-08-10,57808.19,8,0,0,2020,33
2020-08-11,53726.84,8,0,0,2020,33
2020-08-12,52319.13,8,0,0,2020,33
2020-08-13,56726.43,8,0,0,2020,33
2020-08-14,54468.76,8,0,0,2020,33
2020-08-15,48492.07,8,1,0,2020,33
2020-08-16,51742.94,8,1,0,2020,33
2020-08-17,53524.61,8,0,0,2020,34
2020-08-18,48442.19,8,0,0,2020,34
2020-08-19,53216.82,8,0,0,2020,34
2020-08-20,49550.79,8,0,0,2020,34
2020-08-21,56233.36,8,0,0,2020,34
2020-08-22,48979.79,8,1,0,2020,34
2020-08-23,46659.98,8,1,0,2020,34
2020-08-24,54164.8,8,0,0,2020,35
2020-08-25,56271.16,8,0,0,2020,35
2020-08-26,54387.76,8,0,0,2020,35
2020-08-27,57507.5,8,0,0,2020,35
2020-08-28,54038.79,8,0,0,2020,35
2020-08-29,50793.64,8,1,0,2020,35
2020-08-30,51922.3,8,1,0,2020,35
2020-08-31,58219.13,8,0,0,2020,36
2020-09-01,48515.65,9,0,0,2020,36
2020-09-02,52395.76,9,0,0,2020,36
2020-09-03,45506.81,9,0,0,2020,36
2020-09-04,47489.23,9,0,0,2020,36
2020-09-05,39291.42,9,1,0,2020,36
2020-09-06,46871.66,9,1,0,2020,36
2020-09-07,47120.16,9,0,0,2020,37
2020-09-08,50168.89,9,0,0,2020,37
2020-09-09,49721.07,9,0,0,2020,37
2020-09-10,50130.91,9,0,0,2020,37
2020-09-11,48724.4,9,0,0,2020,37
2020-09-12,44788.16,9,1,0,2020,37
2020-09-13,48682.97,9,1,0,2020,37
2020-09-14,50316.27,9,0,0,2020,38
2020-09-15,51533.86,9,0,0,2020,38
2020-09-16,52708.5,9,0,0,2020,38
2020-09-17,49713.13,9,0,0,2020,38
2020-09-18,47059.57,9,0,0,2020,38
2020-09-19,42821.11,9,1,0,2020,38
2020-09-20,46894.39,9,1,0,2020,38
2020-09-21,46095.64,9,0,0,2020,39
2020-09-22,48717.39,9,0,0,2020,39
2020-09-23,52731.33,9,0,0,2020,39
2020-09-24,52195.44,9,0,0,2020,39
2020-09-25,50233.45,9,0,0,2020,39
2020-09-26,46228.29,9,1,0,2020,39
2020-09-27,44630.95,9,1,0,2020,39
2020-09-28,47269.51,9,0,0,2020,40
2020-09-29,46307.74,9,0,0,2020,40
2020-09-30,48621.02,9,0,0,2020,40
2020-10-01,48526.03,10,0,0,2020,40
2020-10-02,44806.14,10,0,0,2020,40
2020-10-03,37964.9,10,1,0,2020,40
2020-10-04,38294.2,10,1,0,2020,40
2020-10-05,42392.98,10,0,0,2020,41
2020-10-06,45930.01,10,0,0,2020,41
2020-10-07,43274.98,10,0,0,2020,41
2020-10-08,47135.16,10,0,0,2020,41
2020-10-09,40325.36,10,0,0,2020,41
2020-10-10,41045.85,10,1,0,2020,41
2020-10-11,38623.17,10,1,0,2020,41
2020-10-12,41372.63,10,0,0,2020,42
2020-10-13,48040.57,10,0,0,2020,42
2020-10-14,45540.83,10,0,0,2020,42
2020-10-15,40655.31,10,0,0,2020,42
2020-10-16,44043.54,10,0,0,2020,42
2020-10-17,40959.56,10,1,0,2020,42
2020-10-18,39086.34,10,1,0,2020,42
2020-10-19,48183.56,10,0,0,2020,43
2020-10-20,48103.29,10,0,0,2020,43
2020-10-21,47900.79,10,0,0,2020,43
2020-10-22,47052.56,10,0,0,2020,43
2020-10-23,49571.04,10,0,0,2020,43
2020-10-24,41887.19,10,1,0,2020,43
2020-10-25,41366.45,10,1,0,2020,43
2020-10-26,41029.25,10,0,0,2020,44
2020-10-27,48481.39,10,0,0,2020,44
2020-10-28,49514.36,10,0,0,2020,44
2020-10-29,45499.35,10,0,0,2020,44
2020-10-30,45068.63,10,0,0,2020,44
2020-10-31,45093.95,10,1,0,2020,44
2020-11-01,32920.47,11,1,0,2020,44
2020-11-02,44488.74,11,0,0,2020,45
2020-11-03,49376.69,11,0,0,2020,45
2020-11-04,40999.19,11,0,0,2020,45
2020-11-05,45042.97,11,0,0,2020,45
2020-11-06,48035.75,11,0,0,2020,45
2020-11-07,37020.07,11,1,0,2020,45
2020-11-08,38724.39,11,1,0,2020,45
2020-11-09,45578.64,11,0,0,2020,46
2020-11-10,41058.58,11,0,0,2020,46
2020-11-11,43101.06,11,0,0,2020,46
2020-11-12,44056.6,11,0,0,2020,46
2020-11-13,45388.86,11,0,0,2020,46
2020-11-14,37239.86,11,1,0,2020,46
2020-11-15,36838.65,11,1,0,2020,46
2020-11-16,40787.61,11,0,0,2020,47
2020-11-17,42431.16,11,0,0,2020,47
2020-11-18,45558.58,11,0,0,2020,47
2020-11-19,43584.55,11,0,0,2020,47
2020-11-20,41198.43,11,0,0,2020,47
2020-11-21,35227.79,11,1,0,2020,47
2020-11-22,43999.3,11,1,0,2020,47
2020-11-23,46183.13,11,0,0,2020,48
2020-11-24,44927.69,11,0,0,2020,48
2020-11-25,36852.7,11,0,0,2020,48
2020-11-26,44889.5,11,0,0,2020,48
2020-11-27,44538.33,11,0,0,2020,48
2020-11-28,41547.64,11,1,0,2020,48
2020-11-29,38407.6,11,1,0,2020,48
2020-11-30,43170.28,11,0,0,2020,49
2020-12-01,43574.11,12,0,0,2020,49
2020-12-02,37408.28,12,0,0,2020,49
2020-12-03,44852.73,12,0,0,2020,49
2020-12-04,43082.61,12,0,0,2020,49
2020-12-05,34516.02,12,1,0,2020,49
2020-12-06,39585.93,12,1,0,2020,49
2020-12-07,46796.15,12,0,0,2020,50
2020-12-08,38767.6,12,0,0,2020,50
2020-12-09,40608.56,12,0,0,2020,50
2020-12-10,43003.36,12,0,0,2020,50
2020-12-11,42734.66,12,0,0,2020,50
2020-12-12,35280.6,12,1,0,2020,50
2020-12-13,33842.07,12,1,0,2020,50
2020-12-14,47579.57,12,0,0,2020,51
2020-12-15,44872.67,12,0,0,2020,51
2020-12-16,39294.43,12,0,0,2020,51
2020-12-17,38918.28,12,0,0,2020,51
2020-12-18,46539.42,12,0,0,2020,51
2020-12-19,38755.27,12,1,0,2020,51
2020-12-20,55835.63,12,1,1,2020,51
2020-12-21,59309.36,12,0,1,2020,52
2020-12-22,55104.61,12,0,1,2020,52
2020-12-23,57937.26,12,0,1,2020,52
2020-12-24,51886.24,12,0,1,2020,52
2020-12-25,55416.9,12,0,1,2020,52
2020-12-26,51140.73,12,1,1,2020,52
2020-12-27,52595.69,12,1,1,2020,52
2020-12-28,55470.72,12,0,1,2020,53
2020-12-29,56979.84,12,0,1,2020,53
2020-12-30,58437.57,12,0,1,2020,53
2020-12-31,58233.72,12,0,1,2020,53
2021-01-01,44959.59,1,0,0,2021,53
2021-01-02,37887.85,1,1,0,2021,53
2021-01-03,36556.36,1,1,0,2021,53
2021-01-04,45339.89,1,0,0,2021,1
2021-01-05,43491.2,1,0,0,2021,1
2021-01-06,41303.36,1,0,0,2021,1
2021-01-07,41804.58,1,0,0,2021,1
2021-01-08,43369.33,1,0,0,2021,1
2021-01-09,37096.99,1,1,0,2021,1
2021-01-10,37764.28,1,1,0,2021,1
2021-01-11,43371.36,1,0,0,2021,2
2021-01-12,43813.07,1,0,0,2021,2
2021-01-13,43038.47,1,0,0,2021,2
2021-01-14,40228.92,1,0,0,2021,2
2021-01-15,44429.18,1,0,0,2021,2
2021-01-16,40010.82,1,1,0,2021,2
2021-01-17,38464.0,1,1,0,2021,2
2021-01-18,42905.08,1,0,0,2021,3
2021-01-19,44495.11,1,0,0,2021,3
2021-01-20,40965.54,1,0,0,2021,3
2021-01-21,38640.21,1,0,0,2021,3
2021-01-22,43530.32,1,0,0,2021,3
2021-01-23,35055.95,1,1,0,2021,3
2021-01-24,39232.65,1,1,0,2021,3
2021-01-25,40673.57,1,0,0,2021,4
2021-01-26,36813.32,1,0,0,2021,4
2021-01-27,40786.59,1,0,0,2021,4
2021-01-28,47331.44,1,0,0,2021,4
2021-01-29,42432.49,1,0,0,2021,4
2021-01-30,33964.25,1,1,0,2021,4
2021-01-31,35480.21,1,1,0,2021,4
2021-02-01,47619.85,2,0,0,2021,5
2021-02-02,47560.56,2,0,0,2021,5
2021-02-03,46761.02,2,0,0,2021,5
2021-02-04,50029.66,2,0,0,2021,5
2021-02-05,48087.06,2,0,0,2021,5
2021-02-06,40269.15,2,1,0,2021,5
2021-02-07,41814.07,2,1,0,2021,5
2021-02-08,50459.67,2,0,0,2021,6
2021-02-09,48752.26,2,0,0,2021,6
2021-02-10,48884.2,2,0,0,2021,6
2021-02-11,43618.51,2,0,0,2021,6
2021-02-12,45955.31,2,0,0,2021,6
2021-02-13,42151.81,2,1,0,2021,6
2021-02-14,39586.89,2,1,0,2021,6
2021-02-15,49000.96,2,0,0,2021,7
2021-02-16,47820.45,2,0,0,2021,7
2021-02-17,48601.03,2,0,0,2021,7
2021-02-18,45800.27,2,0,0,2021,7
2021-02-19,52697.94,2,0,0,2021,7
2021-02-20,43432.84,2,1,0,2021,7
2021-02-21,39795.02,2,1,0,2021,7
2021-02-22,46560.88,2,0,0,2021,8
2021-02-23,52823.21,2,0,0,2021,8
2021-02-24,45477.93,2,0,0,2021,8
2021-02-25,48522.15,2,0,0,2021,8
2021-02-26,48788.73,2,0,0,2021,8
2021-02-27,40354.86,2,1,0,2021,8
2021-02-28,37421.35,2,1,0,2021,8
2021-03-01,50808.84,3,0,0,2021,9
2021-03-02,51239.25,3,0,0,2021,9
2021-03-03,53165.8,3,0,0,2021,9
2021-03-04,52299.62,3,0,0,2021,9
2021-03-05,50404.1,3,0,0,2021,9
2021-03-06,46477.94,3,1,0,2021,9
2021-03-07,45694.41,3,1,0,2021,9
2021-03-08,50860.71,3,0,0,2021,10
2021-03-09,50484.42,3,0,0,2021,10
2021-03-10,49738.8,3,0,0,2021,10
2021-03-11,52063.4,3,0,0,2021,10
2021-03-12,47713.28,3,0,0,2021,10
2021-03-13,42777.89,3,1,0,2021,10
2021-03-14,44362.83,3,1,0,2021,10
2021-03-15,46691.28,3,0,0,2021,11
2021-03-16,49262.3,3,0,0,2021,11
2021-03-17,45330.7,3,0,0,2021,11
2021-03-18,48646.39,3,0,0,2021,11
2021-03-19,51775.49,3,0,0,2021,11
2021-03-20,45771.19,3,1,0,2021,11
2021-03-21,44219.72,3,1,0,2021,11
2021-03-22,49776.52,3,0,0,2021,12
2021-03-23,46815.54,3,0,0,2021,12
2021-03-24,54927.94,3,0,0,2021,12
2021-03-25,51649.12,3,0,0,2021,12
2021-03-26,53093.63,3,0,0,2021,12
2021-03-27,42154.98,3,1,0,2021,12
2021-03-28,43898.49,3,1,0,2021,12
2021-03-29,45813.61,3,0,0,2021,13
2021-03-30,52314.43,3,0,0,2021,13
2021-03-31,52701.85,3,0,0,2021,13
2021-04-01,49621.29,4,0,0,2021,13
2021-04-02,54235.29,4,0,0,2021,13
2021-04-03,49942.26,4,1,0,2021,13
2021-04-04,43962.11,4,1,0,2021,13
2021-04-05,49804.38,4,0,0,2021,14
2021-04-06,51706.08,4,0,0,2021,14
2021-04-07,52796.54,4,0,0,2021,14
2021-04-08,50863.25,4,0,0,2021,14
2021-04-09,54450.27,4,0,0,2021,14
2021-04-10,48996.06,4,1,0,2021,14
2021-04-11,49957.83,4,1,0,2021,14
2021-04-12,56128.62,4,0,0,2021,15
2021-04-13,58131.03,4,0,0,2021,15
2021-04-14,57285.99,4,0,0,2021,15
2021-04-15,51096.3,4,0,0,2021,15
2021-04-16,53113.26,4,0,0,2021,15
2021-04-17,45727.22,4,1,0,2021,15
2021-04-18,45686.86,4,1,0,2021,15
2021-04-19,54175.95,4,0,0,2021,16
2021-04-20,54393.69,4,0,0,2021,16
2021-04-21,55606.69,4,0,0,2021,16
2021-04-22,50414.3,4,0,0,2021,16
2021-04-23,51288.29,4,0,0,2021,16
2021-04-24,48325.43,4,1,0,2021,16
2021-04-25,47885.36,4,1,0,2021,16
2021-04-26,53606.65,4,0,0,2021,17
2021-04-27,54227.57,4,0,0,2021,17
2021-04-28,52487.01,4,0,0,2021,17
2021-04-29,56140.38,4,0,0,2021,17
2021-04-30,55273.67,4,0,0,2021,17
2021-05-01,51097.61,5,1,0,2021,17
2021-05-02,49637.64,5,1,0,2021,17
2021-05-03,56883.17,5,0,0,2021,18
2021-05-04,50515.4,5,0,0,2021,18
2021-05-05,54866.95,5,0,0,2021,18
2021-05-06,57414.32,5,0,0,2021,18
2021-05-07,53561.57,5,0,0,2021,18
2021-05-08,51821.41,5,1,0,2021,18
2021-05-09,51692.0,5,1,0,2021,18
2021-05-10,53880.4,5,0,0,2021,19
2021-05-11,56698.57,5,0,0,2021,19
2021-05-12,56541.23,5,0,0,2021,19
2021-05-13,58476.29,5,0,0,2021,19
2021-05-14,58857.14,5,0,0,2021,19
2021-05-15,51237.45,5,1,0,2021,19
2021-05-16,49200.78,5,1,0,2021,19
2021-05-17,56969.12,5,0,0,2021,20
2021-05-18,57167.04,5,0,0,2021,20
2021-05-19,59167.56,5,0,0,2021,20
2021-05-20,58068.02,5,0,0,2021,20
2021-05-21,55526.6,5,0,0,2021,20
2021-05-22,47947.79,5,1,0,2021,20
2021-05-23,50401.82,5,1,0,2021,20
2021-05-24,55484.42,5,0,0,2021,21
2021-05-25,54556.51,5,0,0,2021,21
2021-05-26,57047.16,5,0,0,2021,21
2021-05-27,56110.13,5,0,0,2021,21
2021-05-28,57602.2,5,0,0,2021,21
2021-05-29,52647.65,5,1,0,2021,21
2021-05-30,50307.7,5,1,0,2021,21
2021-05-31,63151.75,5,0,0,2021,22
2021-06-01,57609.9,6,0,0,2021,22
2021-06-02,61168.67,6,0,0,2021,22
2021-06-03,58719.35,6,0,0,2021,22
2021-06-04,61206.4,6,0,0,2021,22
2021-06-05,46477.0,6,1,0,2021,22
2021-06-06,50538.91,6,1,0,2021,22
2021-06-07,59036.0,6,0,0,2021,23
2021-06-08,59925.36,6,0,0,2021,23
2021-06-09,64261.31,6,0,0,2021,23
2021-06-10,59227.15,6,0,0,2021,23
2021-06-11,61621.2,6,0,0,2021,23
2021-06-12,54338.5,6,1,0,2021,23
2021-06-13,54791.64,6,1,0,2021,23
2021-06-14,59699.15,6,0,0,2021,24
2021-06-15,58034.62,6,0,0,2021,24
2021-06-16,59698.42,6,0,0,2021,24
2021-06-17,55731.07,6,0,0,2021,24
2021-06-18,61380.61,6,0,0,2021,24
2021-06-19,49885.0,6,1,0,2021,24
2021-06-20,53051.81,6,1,0,2021,24
2021-06-21,63731.54,6,0,0,2021,25
2021-06-22,57871.86,6,0,0,2021,25
2021-06-23,58479.96,6,0,0,2021,25
2021-06-24,61339.6,6,0,0,2021,25
2021-06-25,58498.41,6,0,0,2021,25
2021-06-26,50414.5,6,1,0,2021,25
2021-06-27,53079.8,6,1,0,2021,25
2021-06-28,59890.51,6,0,0,2021,26
2021-06-29,60211.17,6,0,0,2021,26
2021-06-30,56505.52,6,0,0,2021,26
2021-07-01,61747.07,7,0,0,2021,26
2021-07-02,61533.54,7,0,0,2021,26
2021-07-03,51413.0,7,1,0,2021,26
2021-07-04,52039.68,7,1,0,2021,26
2021-07-05,56297.73,7,0,0,2021,27
2021-07-06,60905.12,7,0,0,2021,27
2021-07-07,55608.23,7,0,0,2021,27
2021-07-08,59056.64,7,0,0,2021,27
2021-07-09,56172.97,7,0,0,2021,27
2021-07-10,49637.99,7,1,0,2021,27
2021-07-11,53170.47,7,1,0,2021,27
2021-07-12,60709.16,7,0,0,2021,28
2021-07-13,57350.1,7,0,0,2021,28
2021-07-14,55682.63,7,0,0,2021,28
2021-07-15,59405.71,7,0,0,2021,28
2021-07-16,57254.03,7,0,0,2021,28
2021-07-17,52155.18,7,1,0,2021,28
2021-07-18,55186.57,7,1,0,2021,28
2021-07-19,60209.26,7,0,0,2021,29
2021-07-20,56081.41,7,0,0,2021,29
2021-07-21,63090.75,7,0,0,2021,29
2021-07-22,57390.94,7,0,0,2021,29
2021-07-23,59348.31,7,0,0,2021,29
2021-07-24,49765.8,7,1,0,2021,29
2021-07-25,51273.35,7,1,0,2021,29
2021-07-26,53010.83,7,0,0,2021,30
2021-07-27,61853.28,7,0,0,2021,30
2021-07-28,60801.77,7,0,0,2021,30
2021-07-29,54349.95,7,0,0,2021,30
2021-07-30,53626.01,7,0,0,2021,30
2021-07-31,47337.15,7,1,0,2021,30
2021-08-01,51401.79,8,1,0,2021,30
2021-08-02,53314.33,8,0,0,2021,31
2021-08-03,54312.67,8,0,0,2021,31
2021-08-04,53682.9,8,0,0,2021,31
2021-08-05,54162.71,8,0,0,2021,31
2021-08-06,51745.96,8,0,0,2021,31
2021-08-07,48527.47,8,1,0,2021,31
2021-08-08,44873.02,8,1,0,2021,31
2021-08-09,54290.1,8,0,0,2021,32
2021-08-10,55241.47,8,0,0,2021,32
2021-08-11,55639.42,8,0,0,2021,32
2021-08-12,53891.9,8,0,0,2021,32
2021-08-13,52212.72,8,0,0,2021,32
2021-08-14,48871.73,8,1,0,2021,32
2021-08-15,47261.99,8,1,0,2021,32
2021-08-16,58388.99,8,0,0,2021,33
2021-08-17,56394.51,8,0,0,2021,33
2021-08-18,54188.01,8,0,0,2021,33
2021-08-19,53298.94,8,0,0,2021,33
2021-08-20,52720.89,8,0,0,2021,33
2021-08-21,46135.34,8,1,0,2021,33
2021-08-22,47596.83,8,1,0,2021,33
2021-08-23,55216.93,8,0,0,2021,34
2021-08-24,55769.61,8,0,0,2021,34
2021-08-25,55903.75,8,0,0,2021,34
2021-08-26,59729.11,8,0,0,2021,34
2021-08-27,52721.06,8,0,0,2021,34
2021-08-28,48516.38,8,1,0,2021,34
2021-08-29,55471.34,8,1,0,2021,34
2021-08-30,49817.94,8,0,0,2021,35
2021-08-31,53182.68,8,0,0,2021,35
2021-09-01,50911.16,9,0,0,2021,35
2021-09-02,50873.98,9,0,0,2021,35
2021-09-03,51508.47,9,0,0,2021,35
2021-09-04,43892.83,9,1,0,2021,35
2021-09-05,45405.71,9,1,0,2021,35
2021-09-06,50623.15,9,0,0,2021,36
2021-09-07,52420.39,9,0,0,2021,36
2021-09-08,45761.33,9,0,0,2021,36
2021-09-09,48281.0,9,0,0,2021,36
2021-09-10,50488.85,9,0,0,2021,36
2021-09-11,41915.58,9,1,0,2021,36
2021-09-12,41884.34,9,1,0,2021,36
2021-09-13,52066.16,9,0,0,2021,37
2021-09-14,48872.65,9,0,0,2021,37
2021-09-15,52085.69,9,0,0,2021,37
2021-09-16,52363.64,9,0,0,2021,37
2021-09-17,51266.24,9,0,0,2021,37
2021-09-18,45770.94,9,1,0,2021,37
2021-09-19,44240.11,9,1,0,2021,37
2021-09-20,46979.63,9,0,0,2021,38
2021-09-21,50428.03,9,0,0,2021,38
2021-09-22,51639.59,9,0,0,2021,38
2021-09-23,49181.29,9,0,0,2021,38
2021-09-24,50256.76,9,0,0,2021,38
2021-09-25,46379.46,9,1,0,2021,38
2021-09-26,42311.97,9,1,0,2021,38
2021-09-27,52108.05,9,0,0,2021,39
2021-09-28,55165.26,9,0,0,2021,39
2021-09-29,49123.19,9,0,0,2021,39
2021-09-30,50876.69,9,0,0,2021,39
2021-10-01,46135.07,10,0,0,2021,39
2021-10-02,44362.56,10,1,0,2021,39
2021-10-03,41303.74,10,1,0,2021,39
2021-10-04,48757.92,10,0,0,2021,40
2021-10-05,44789.2,10,0,0,2021,40
2021-10-06,46474.85,10,0,0,2021,40
2021-10-07,46491.39,10,0,0,2021,40
2021-10-08,42076.97,10,0,0,2021,40
2021-10-09,44119.63,10,1,0,2021,40
2021-10-10,42766.91,10,1,0,2021,40
2021-10-11,42146.34,10,0,0,2021,41
2021-10-12,48380.9,10,0,0,2021,41
2021-10-13,46192.9,10,0,0,2021,41
2021-10-14,47642.64,10,0,0,2021,41
2021-10-15,47438.54,10,0,0,2021,41
2021-10-16,36775.77,10,1,0,2021,41
2021-10-17,39993.89,10,1,0,2021,41
2021-10-18,50256.34,10,0,0,2021,42
2021-10-19,45088.46,10,0,0,2021,42
2021-10-20,43969.32,10,0,0,2021,42
2021-10-21,43128.25,10,0,0,2021,42
2021-10-22,43475.2,10,0,0,2021,42
2021-10-23,41367.56,10,1,0,2021,42
2021-10-24,44761.06,10,1,0,2021,42
2021-10-25,47604.0,10,0,0,2021,43
2021-10-26,47144.96,10,0,0,2021,43
2021-10-27,52116.12,10,0,0,2021,43
2021-10-28,45234.2,10,0,0,2021,43
2021-10-29,44848.43,10,0,0,2021,43
2021-10-30,41855.54,10,1,0,2021,43
2021-10-31,41906.53,10,1,0,2021,43
2021-11-01,41070.98,11,0,0,2021,44
2021-11-02,40683.65,11,0,0,2021,44
2021-11-03,44336.95,11,0,0,2021,44
2021-11-04,44228.69,11,0,0,2021,44
2021-11-05,40343.82,11,0,0,2021,44
2021-11-06,37106.17,11,1,0,2021,44
2021-11-07,36255.95,11,1,0,2021,44
2021-11-08,44763.53,11,0,0,2021,45
2021-11-09,43322.3,11,0,0,2021,45
2021-11-10,43399.93,11,0,0,2021,45
2021-11-11,42732.07,11,0,0,2021,45
2021-11-12,46250.48,11,0,0,2021,45
2021-11-13,41094.3,11,1,0,2021,45
2021-11-14,36700.75,11,1,0,2021,45
2021-11-15,45734.27,11,0,0,2021,46
2021-11-16,41725.77,11,0,0,2021,46
2021-11-17,43800.57,11,0,0,2021,46
2021-11-18,45496.15,11,0,0,2021,46
2021-11-19,47407.74,11,0,0,2021,46
2021-11-20,36666.59,11,1,0,2021,46
2021-11-21,37438.63,11,1,0,2021,46
2021-11-22,44115.58,11,0,0,2021,47
2021-11-23,39880.14,11,0,0,2021,47
2021-11-24,43665.96,11,0,0,2021,47
2021-11-25,41937.3,11,0,0,2021,47
2021-11-26,44556.5,11,0,0,2021,47
2021-11-27,34803.67,11,1,0,2021,47
2021-11-28,32687.24,11,1,0,2021,47
2021-11-29,43725.91,11,0,0,2021,48
2021-11-30,44282.53,11,0,0,2021,48
2021-12-01,41187.67,12,0,0,2021,48
2021-12-02,44782.92,12,0,0,2021,48
2021-12-03,41878.66,12,0,0,2021,48
2021-12-04,35048.16,12,1,0,2021,48
2021-12-05,37757.56,12,1,0,2021,48
2021-12-06,38643.52,12,0,0,2021,49
2021-12-07,40871.16,12,0,0,2021,49
2021-12-08,42513.67,12,0,0,2021,49
2021-12-09,44688.65,12,0,0,2021,49
2021-12-10,42160.41,12,0,0,2021,49
2021-12-11,37339.19,12,1,0,2021,49
2021-12-12,34930.06,12,1,0,2021,49
2021-12-13,43323.9,12,0,0,2021,50
2021-12-14,46729.07,12,0,0,2021,50
2021-12-15,40855.28,12,0,0,2021,50
2021-12-16,48487.53,12,0,0,2021,50
2021-12-17,40963.21,12,0,0,2021,50
2021-12-18,36616.44,12,1,0,2021,50
2021-12-19,37007.67,12,1,0,2021,50
2021-12-20,60135.96,12,0,1,2021,51
2021-12-21,54483.44,12,0,1,2021,51
2021-12-22,52325.43,12,0,1,2021,51
2021-12-23,59092.62,12,0,1,2021,51
2021-12-24,59567.0,12,0,1,2021,51
2021-12-25,53138.41,12,1,1,2021,51
2021-12-26,58156.27,12,1,1,2021,51
2021-12-27,58093.18,12,0,1,2021,52
2021-12-28,58216.33,12,0,1,2021,52
2021-12-29,59905.49,12,0,1,2021,52
2021-12-30,58505.26,12,0,1,2021,52
2021-12-31,61743.23,12,0,1,2021,52
2022-01-01,34560.94,1,1,0,2022,52
2022-01-02,36718.9,1,1,0,2022,52
2022-01-03,35046.43,1,0,0,2022,1
2022-01-04,45690.04,1,0,0,2022,1
2022-01-05,42728.82,1,0,0,2022,1
2022-01-06,45970.5,1,0,0,2022,1
2022-01-07,49046.76,1,0,0,2022,1
2022-01-08,37647.43,1,1,0,2022,1
2022-01-09,37026.64,1,1,0,2022,1
2022-01-10,42414.85,1,0,0,2022,2
2022-01-11,41569.9,1,0,0,2022,2
2022-01-12,42089.48,1,0,0,2022,2
2022-01-13,45264.38,1,0,0,2022,2
2022-01-14,43759.09,1,0,0,2022,2
2022-01-15,37833.49,1,1,0,2022,2
2022-01-16,37235.42,1,1,0,2022,2
2022-01-17,45955.31,1,0,0,2022,3
2022-01-18,44905.13,1,0,0,2022,3
2022-01-19,43316.54,1,0,0,2022,3
2022-01-20,45333.58,1,0,0,2022,3
2022-01-21,43293.15,1,0,0,2022,3
2022-01-22,34791.11,1,1,0,2022,3
2022-01-23,41312.49,1,1,0,2022,3
2022-01-24,44838.23,1,0,0,2022,4
2022-01-25,41282.64,1,0,0,2022,4
2022-01-26,46373.66,1,0,0,2022,4
2022-01-27,44539.83,1,0,0,2022,4
2022-01-28,39767.3,1,0,0,2022,4
2022-01-29,41703.87,1,1,0,2022,4
2022-01-30,38513.51,1,1,0,2022,4
2022-01-31,45909.22,1,0,0,2022,5
2022-02-01,47104.2,2,0,0,2022,5
2022-02-02,46236.58,2,0,0,2022,5
2022-02-03,42740.81,2,0,0,2022,5
2022-02-04,49040.96,2,0,0,2022,5
2022-02-05,40688.09,2,1,0,2022,5
2022-02-06,39897.31,2,1,0,2022,5
2022-02-07,47491.71,2,0,0,2022,6
2022-02-08,46810.46,2,0,0,2022,6
2022-02-09,48305.13,2,0,0,2022,6
2022-02-10,45689.25,2,0,0,2022,6
2022-02-11,46526.43,2,0,0,2022,6
2022-02-12,35271.04,2,1,0,2022,6
2022-02-13,39560.95,2,1,0,2022,6
2022-02-14,48309.29,2,0,0,2022,7
2022-02-15,49962.63,2,0,0,2022,7
2022-02-16,45711.66,2,0,0,2022,7
2022-02-17,46319.04,2,0,0,2022,7
2022-02-18,50581.83,2,0,0,2022,7
2022-02-19,39809.52,2,1,0,2022,7
2022-02-20,42459.82,2,1,0,2022,7
2022-02-21,50821.39,2,0,0,2022,8
2022-02-22,46725.85,2,0,0,2022,8
2022-02-23,49694.5,2,0,0,2022,8
2022-02-24,44851.77,2,0,0,2022,8
2022-02-25,47147.98,2,0,0,2022,8
2022-02-26,40436.21,2,1,0,2022,8
2022-02-27,40917.68,2,1,0,2022,8
2022-02-28,49455.46,2,0,0,2022,9
2022-03-01,56606.68,3,0,0,2022,9
2022-03-02,48969.13,3,0,0,2022,9
2022-03-03,49195.8,3,0,0,2022,9
2022-03-04,51877.87,3,0,0,2022,9
2022-03-05,41997.33,3,1,0,2022,9
2022-03-06,45878.54,3,1,0,2022,9
2022-03-07,52066.56,3,0,0,2022,10
2022-03-08,49943.83,3,0,0,2022,10
2022-03-09,51966.38,3,0,0,2022,10
2022-03-10,46765.91,3,0,0,2022,10
2022-03-11,52539.7,3,0,0,2022,10
2022-03-12,40778.71,3,1,0,2022,10
2022-03-13,42900.48,3,1,0,2022,10
2022-03-14,49251.91,3,0,0,2022,11
2022-03-15,49640.36,3,0,0,2022,11
2022-03-16,52790.92,3,0,0,2022,11
2022-03-17,50848.93,3,0,0,2022,11
2022-03-18,49652.01,3,0,0,2022,11
2022-03-19,46005.1,3,1,0,2022,11
2022-03-20,48600.39,3,1,0,2022,11
2022-03-21,50663.47,3,0,0,2022,12
2022-03-22,51563.3,3,0,0,2022,12
2022-03-23,53748.84,3,0,0,2022,12
2022-03-24,51319.97,3,0,0,2022,12
2022-03-25,47441.58,3,0,0,2022,12
2022-03-26,50877.72,3,1,0,2022,12
2022-03-27,50173.7,3,1,0,2022,12
2022-03-28,45691.43,3,0,0,2022,13
2022-03-29,50556.51,3,0,0,2022,13
2022-03-30,51698.41,3,0,0,2022,13
2022-03-31,53070.33,3,0,0,2022,13
2022-04-01,56329.32,4,0,0,2022,13
2022-04-02,47977.11,4,1,0,2022,13
2022-04-03,46023.81,4,1,0,2022,13
2022-04-04,54916.59,4,0,0,2022,14
2022-04-05,57243.59,4,0,0,2022,14
2022-04-06,51936.76,4,0,0,2022,14
2022-04-07,52093.63,4,0,0,2022,14
2022-04-08,54600.83,4,0,0,2022,14
2022-04-09,43819.48,4,1,0,2022,14
2022-04-10,48013.26,4,1,0,2022,14
2022-04-11,53573.47,4,0,0,2022,15
2022-04-12,55792.5,4,0,0,2022,15
2022-04-13,52911.98,4,0,0,2022,15
2022-04-14,52461.9,4,0,0,2022,15
2022-04-15,53682.52,4,0,0,2022,15
2022-04-16,48543.98,4,1,0,2022,15
2022-04-17,47007.95,4,1,0,2022,15
2022-04-18,54700.7,4,0,0,2022,16
2022-04-19,56546.75,4,0,0,2022,16
2022-04-20,57634.8,4,0,0,2022,16
2022-04-21,58935.07,4,0,0,2022,16
2022-04-22,52714.89,4,0,0,2022,16
2022-04-23,47624.98,4,1,0,2022,16
2022-04-24,42468.02,4,1,0,2022,16
2022-04-25,59424.31,4,0,0,2022,17
2022-04-26,52865.02,4,0,0,2022,17
2022-04-27,54594.16,4,0,0,2022,17
2022-04-28,55984.83,4,0,0,2022,17
2022-04-29,51282.82,4,0,0,2022,17
2022-04-30,49839.78,4,1,0,2022,17
2022-05-01,51543.02,5,1,0,2022,17
2022-05-02,53044.73,5,0,0,2022,18
2022-05-03,58340.62,5,0,0,2022,18
2022-05-04,60597.71,5,0,0,2022,18
2022-05-05,52942.7,5,0,0,2022,18
2022-05-06,59631.04,5,0,0,2022,18
2022-05-07,52136.84,5,1,0,2022,18
2022-05-08,52801.66,5,1,0,2022,18
2022-05-09,58719.18,5,0,0,2022,19
2022-05-10,60876.04,5,0,0,2022,19
2022-05-11,57057.88,5,0,0,2022,19
2022-05-12,59801.77,5,0,0,2022,19
2022-05-13,56593.82,5,0,0,2022,19
2022-05-14,53439.24,5,1,0,2022,19
2022-05-15,49585.25,5,1,0,2022,19
2022-05-16,57350.15,5,0,0,2022,20
2022-05-17,61949.33,5,0,0,2022,20
2022-05-18,58736.65,5,0,0,2022,20
2022-05-19,57227.87,5,0,0,2022,20
2022-05-20,54762.18,5,0,0,2022,20
2022-05-21,49649.67,5,1,0,2022,20
2022-05-22,52109.92,5,1,0,2022,20
2022-05-23,59975.11,5,0,0,2022,21
2022-05-24,58692.56,5,0,0,2022,21
2022-05-25,58938.55,5,0,0,2022,21
2022-05-26,57524.62,5,0,0,2022,21
2022-05-27,61009.85,5,0,0,2022,21
2022-05-28,50653.63,5,1,0,2022,21
2022-05-29,50257.1,5,1,0,2022,21
2022-05-30,59852.44,5,0,0,2022,22
2022-05-31,57792.03,5,0,0,2022,22
2022-06-01,58009.2,6,0,0,2022,22
2022-06-02,57266.14,6,0,0,2022,22
2022-06-03,58064.97,6,0,0,2022,22
2022-06-04,54266.91,6,1,0,2022,22
2022-06-05,53593.17,6,1,0,2022,22
2022-06-06,55685.52,6,0,0,2022,23
2022-06-07,59776.23,6,0,0,2022,23
2022-06-08,59158.74,6,0,0,2022,23
2022-06-09,56211.56,6,0,0,2022,23
2022-06-10,60644.89,6,0,0,2022,23
2022-06-11,52012.55,6,1,0,2022,23
2022-06-12,51875.79,6,1,0,2022,23
2022-06-13,60704.72,6,0,0,2022,24
2022-06-14,62017.74,6,0,0,2022,24
2022-06-15,56995.38,6,0,0,2022,24
2022-06-16,59813.25,6,0,0,2022,24
2022-06-17,56528.21,6,0,0,2022,24
2022-06-18,58504.83,6,1,0,2022,24
2022-06-19,51485.58,6,1,0,2022,24
2022-06-20,61708.29,6,0,0,2022,25
2022-06-21,57103.31,6,0,0,2022,25
2022-06-22,60750.66,6,0,0,2022,25
2022-06-23,64270.39,6,0,0,2022,25
2022-06-24,52371.56,6,0,0,2022,25
2022-06-25,51638.56,6,1,0,2022,25
2022-06-26,53976.89,6,1,0,2022,25
2022-06-27,58494.25,6,0,0,2022,26
2022-06-28,57056.02,6,0,0,2022,26
2022-06-29,64108.36,6,0,0,2022,26
2022-06-30,58927.55,6,0,0,2022,26
2022-07-01,53546.74,7,0,0,2022,26
2022-07-02,53793.97,7,1,0,2022,26
2022-07-03,47355.38,7,1,0,2022,26
2022-07-04,60537.33,7,0,0,2022,27
2022-07-05,56216.63,7,0,0,2022,27
2022-07-06,58023.9,7,0,0,2022,27
2022-07-07,60815.0,7,0,0,2022,27
2022-07-08,57958.08,7,0,0,2022,27
2022-07-09,48186.5,7,1,0,2022,27
2022-07-10,47425.15,7,1,0,2022,27
2022-07-11,60622.27,7,0,0,2022,28
2022-07-12,59517.68,7,0,0,2022,28
2022-07-13,55628.01,7,0,0,2022,28
2022-07-14,59816.99,7,0,0,2022,28
2022-07-15,58910.64,7,0,0,2022,28
2022-07-16,53289.06,7,1,0,2022,28
2022-07-17,46023.34,7,1,0,2022,28
2022-07-18,56916.17,7,0,0,2022,29
2022-07-19,59923.23,7,0,0,2022,29
2022-07-20,59506.63,7,0,0,2022,29
2022-07-21,59877.35,7,0,0,2022,29
2022-07-22,51531.47,7,0,0,2022,29
2022-07-23,52098.06,7,1,0,2022,29
2022-07-24,52906.69,7,1,0,2022,29
2022-07-25,64056.81,7,0,0,2022,30
2022-07-26,55293.41,7,0,0,2022,30
2022-07-27,56855.43,7,0,0,2022,30
2022-07-28,57769.04,7,0,0,2022,30
2022-07-29,59895.44,7,0,0,2022,30
2022-07-30,50572.68,7,1,0,2022,30
2022-07-31,54549.92,7,1,0,2022,30
2022-08-01,52784.63,8,0,0,2022,31
2022-08-02,55422.37,8,0,0,2022,31
2022-08-03,53437.51,8,0,0,2022,31
2022-08-04,55152.26,8,0,0,2022,31
2022-08-05,53030.56,8,0,0,2022,31
2022-08-06,44765.19,8,1,0,2022,31
2022-08-07,51491.93,8,1,0,2022,31
2022-08-08,55518.54,8,0,0,2022,32
2022-08-09,53364.18,8,0,0,2022,32
2022-08-10,55263.91,8,0,0,2022,32
2022-08-11,57237.82,8,0,0,2022,32
2022-08-12,52319.5,8,0,0,2022,32
2022-08-13,48488.11,8,1,0,2022,32
2022-08-14,50112.71,8,1,0,2022,32
2022-08-15,56080.99,8,0,0,2022,33
2022-08-16,53928.14,8,0,0,2022,33
2022-08-17,49499.75,8,0,0,2022,33
2022-08-18,57875.31,8,0,0,2022,33
2022-08-19,55589.54,8,0,0,2022,33
2022-08-20,48802.27,8,1,0,2022,33
2022-08-21,48074.08,8,1,0,2022,33
2022-08-22,55429.71,8,0,0,2022,34
2022-08-23,53708.0,8,0,0,2022,34
2022-08-24,52211.07,8,0,0,2022,34
2022-08-25,52924.18,8,0,0,2022,34
2022-08-26,53282.32,8,0,0,2022,34
2022-08-27,47244.32,8,1,0,2022,34
2022-08-28,45879.21,8,1,0,2022,34
2022-08-29,56367.62,8,0,0,2022,35
2022-08-30,51503.09,8,0,0,2022,35
2022-08-31,56427.72,8,0,0,2022,35
2022-09-01,48242.55,9,0,0,2022,35
2022-09-02,51661.16,9,0,0,2022,35
2022-09-03,48215.94,9,1,0,2022,35
2022-09-04,45289.78,9,1,0,2022,35
2022-09-05,48955.37,9,0,0,2022,36
2022-09-06,50903.89,9,0,0,2022,36
2022-09-07,51154.34,9,0,0,2022,36
2022-09-08,46450.29,9,0,0,2022,36
2022-09-09,49266.39,9,0,0,2022,36
2022-09-10,45193.92,9,1,0,2022,36
2022-09-11,43614.18,9,1,0,2022,36
2022-09-12,50987.27,9,0,0,2022,37
2022-09-13,52623.74,9,0,0,2022,37
2022-09-14,52706.01,9,0,0,2022,37
2022-09-15,53054.65,9,0,0,2022,37
2022-09-16,52262.56,9,0,0,2022,37
2022-09-17,44072.18,9,1,0,2022,37
2022-09-18,44746.78,9,1,0,2022,37
2022-09-19,50115.7,9,0,0,2022,38
2022-09-20,50011.33,9,0,0,2022,38
2022-09-21,50346.04,9,0,0,2022,38
2022-09-22,46484.24,9,0,0,2022,38
2022-09-23,49963.86,9,0,0,2022,38
2022-09-24,44737.41,9,1,0,2022,38
2022-09-25,42363.48,9,1,0,2022,38
2022-09-26,50739.15,9,0,0,2022,39
2022-09-27,52088.81,9,0,0,2022,39
2022-09-28,50389.8,9,0,0,2022,39
2022-09-29,55993.17,9,0,0,2022,39
2022-09-30,44286.26,9,0,0,2022,39
2022-10-01,40287.32,10,1,0,2022,39
2022-10-02,36240.49,10,1,0,2022,39
2022-10-03,49254.73,10,0,0,2022,40
2022-10-04,53440.94,10,0,0,2022,40
2022-10-05,40551.38,10,0,0,2022,40
2022-10-06,47127.0,10,0,0,2022,40
2022-10-07,48105.73,10,0,0,2022,40
2022-10-08,40052.74,10,1,0,2022,40
2022-10-09,42188.72,10,1,0,2022,40
2022-10-10,41202.96,10,0,0,2022,41
2022-10-11,48941.27,10,0,0,2022,41
2022-10-12,47741.98,10,0,0,2022,41
2022-10-13,46869.87,10,0,0,2022,41
2022-10-14,45344.64,10,0,0,2022,41
2022-10-15,42410.39,10,1,0,2022,41
2022-10-16,39601.73,10,1,0,2022,41
2022-10-17,47373.81,10,0,0,2022,42
2022-10-18,45541.59,10,0,0,2022,42
2022-10-19,41200.56,10,0,0,2022,42
2022-10-20,46740.12,10,0,0,2022,42
2022-10-21,47324.67,10,0,0,2022,42
2022-10-22,42705.96,10,1,0,2022,42
2022-10-23,38630.6,10,1,0,2022,42
2022-10-24,46738.9,10,0,0,2022,43
2022-10-25,48365.27,10,0,0,2022,43
2022-10-26,47186.78,10,0,0,2022,43
2022-10-27,49930.17,10,0,0,2022,43
2022-10-28,51803.93,10,0,0,2022,43
2022-10-29,38554.02,10,1,0,2022,43
2022-10-30,36024.14,10,1,0,2022,43
2022-10-31,48968.78,10,0,0,2022,44
2022-11-01,47723.41,11,0,0,2022,44
2022-11-02,46206.35,11,0,0,2022,44
2022-11-03,45936.22,11,0,0,2022,44
2022-11-04,42355.57,11,0,0,2022,44
2022-11-05,36119.12,11,1,0,2022,44
2022-11-06,40124.78,11,1,0,2022,44
2022-11-07,41625.71,11,0,0,2022,45
2022-11-08,39372.08,11,0,0,2022,45
2022-11-09,41412.36,11,0,0,2022,45
2022-11-10,50137.62,11,0,0,2022,45
2022-11-11,48716.28,11,0,0,2022,45
2022-11-12,36192.44,11,1,0,2022,45
2022-11-13,36087.02,11,1,0,2022,45
2022-11-14,44488.73,11,0,0,2022,46
2022-11-15,42037.58,11,0,0,2022,46
2022-11-16,47187.03,11,0,0,2022,46
2022-11-17,43716.83,11,0,0,2022,46
2022-11-18,41197.64,11,0,0,2022,46
2022-11-19,41186.45,11,1,0,2022,46
2022-11-20,36457.16,11,1,0,2022,46
2022-11-21,44468.96,11,0,0,2022,47
2022-11-22,43884.95,11,0,0,2022,47
2022-11-23,43131.46,11,0,0,2022,47
2022-11-24,44730.52,11,0,0,2022,47
2022-11-25,42187.76,11,0,0,2022,47
2022-11-26,33308.61,11,1,0,2022,47
2022-11-27,32400.66,11,1,0,2022,47
2022-11-28,40754.91,11,0,0,2022,48
2022-11-29,42026.09,11,0,0,2022,48
2022-11-30,43865.58,11,0,0,2022,48
2022-12-01,42990.24,12,0,0,2022,48
2022-12-02,44242.89,12,0,0,2022,48
2022-12-03,37153.27,12,1,0,2022,48
2022-12-04,34870.78,12,1,0,2022,48
2022-12-05,41082.97,12,0,0,2022,49
2022-12-06,37558.98,12,0,0,2022,49
2022-12-07,42433.95,12,0,0,2022,49
2022-12-08,44069.75,12,0,0,2022,49
2022-12-09,44182.54,12,0,0,2022,49
2022-12-10,36555.64,12,1,0,2022,49
2022-12-11,36424.55,12,1,0,2022,49
2022-12-12,45201.55,12,0,0,2022,50
2022-12-13,42900.07,12,0,0,2022,50
2022-12-14,44706.96,12,0,0,2022,50
2022-12-15,44319.45,12,0,0,2022,50
2022-12-16,43396.89,12,0,0,2022,50
2022-12-17,40130.85,12,1,0,2022,50
2022-12-18,35433.85,12,1,0,2022,50
2022-12-19,41969.21,12,0,0,2022,51
2022-12-20,55847.25,12,0,1,2022,51
2022-12-21,55875.04,12,0,1,2022,51
2022-12-22,61758.77,12,0,1,2022,51
2022-12-23,62267.89,12,0,1,2022,51
2022-12-24,51927.66,12,1,1,2022,51
2022-12-25,53291.8,12,1,1,2022,51
2022-12-26,60810.31,12,0,1,2022,52
2022-12-27,59891.46,12,0,1,2022,52
2022-12-28,60886.97,12,0,1,2022,52
2022-12-29,54716.98,12,0,1,2022,52
2022-12-30,56276.75,12,0,1,2022,52
2022-12-31,53007.64,12,1,1,2022,52
2023-01-01,41536.94,1,1,0,2023,52
2023-01-02,44209.04,1,0,0,2023,1
2023-01-03,41804.11,1,0,0,2023,1
2023-01-04,43064.72,1,0,0,2023,1
2023-01-05,42300.34,1,0,0,2023,1
2023-01-06,41806.78,1,0,0,2023,1
2023-01-07,41706.35,1,1,0,2023,1
2023-01-08,36390.19,1,1,0,2023,1
2023-01-09,44006.05,1,0,0,2023,2
2023-01-10,49361.86,1,0,0,2023,2
2023-01-11,46918.39,1,0,0,2023,2
2023-01-12,44797.77,1,0,0,2023,2
2023-01-13,42428.49,1,0,0,2023,2
2023-01-14,38984.75,1,1,0,2023,2
2023-01-15,42014.0,1,1,0,2023,2
2023-01-16,45518.2,1,0,0,2023,3
2023-01-17,47115.26,1,0,0,2023,3
2023-01-18,44207.42,1,0,0,2023,3
2023-01-19,45253.68,1,0,0,2023,3
2023-01-20,43461.4,1,0,0,2023,3
2023-01-21,39031.84,1,1,0,2023,3
2023-01-22,41216.52,1,1,0,2023,3
2023-01-23,40388.37,1,0,0,2023,4
2023-01-24,43810.7,1,0,0,2023,4
2023-01-25,44568.46,1,0,0,2023,4
2023-01-26,42540.87,1,0,0,2023,4
2023-01-27,43199.31,1,0,0,2023,4
2023-01-28,39937.47,1,1,0,2023,4
2023-01-29,42975.12,1,1,0,2023,4
2023-01-30,45545.43,1,0,0,2023,5
2023-01-31,44787.88,1,0,0,2023,5
2023-02-01,43022.99,2,0,0,2023,5
2023-02-02,51721.26,2,0,0,2023,5
2023-02-03,47095.55,2,0,0,2023,5
2023-02-04,40819.43,2,1,0,2023,5
2023-02-05,38108.79,2,1,0,2023,5
2023-02-06,46763.51,2,0,0,2023,6
2023-02-07,44166.07,2,0,0,2023,6
2023-02-08,47084.73,2,0,0,2023,6
2023-02-09,48073.79,2,0,0,2023,6
2023-02-10,46986.89,2,0,0,2023,6
2023-02-11,41608.74,2,1,0,2023,6
2023-02-12,38780.83,2,1,0,2023,6
2023-02-13,50485.6,2,0,0,2023,7
2023-02-14,45278.94,2,0,0,2023,7
2023-02-15,42367.02,2,0,0,2023,7
2023-02-16,46444.84,2,0,0,2023,7
2023-02-17,45005.05,2,0,0,2023,7
2023-02-18,38390.76,2,1,0,2023,7
2023-02-19,40028.81,2,1,0,2023,7
2023-02-20,47644.81,2,0,0,2023,8
2023-02-21,43963.04,2,0,0,2023,8
2023-02-22,46574.54,2,0,0,2023,8
2023-02-23,50486.01,2,0,0,2023,8
2023-02-24,48626.86,2,0,0,2023,8
2023-02-25,40540.86,2,1,0,2023,8
2023-02-26,41240.95,2,1,0,2023,8
2023-02-27,46622.69,2,0,0,2023,9
2023-02-28,46803.75,2,0,0,2023,9
2023-03-01,52754.95,3,0,0,2023,9
2023-03-02,50693.49,3,0,0,2023,9
2023-03-03,44914.5,3,0,0,2023,9
2023-03-04,44872.62,3,1,0,2023,9
2023-03-05,42703.5,3,1,0,2023,9
2023-03-06,52556.18,3,0,0,2023,10
2023-03-07,49403.01,3,0,0,2023,10
2023-03-08,51300.64,3,0,0,2023,10
2023-03-09,56373.6,3,0,0,2023,10
2023-03-10,48313.98,3,0,0,2023,10
2023-03-11,42120.4,3,1,0,2023,10
2023-03-12,41404.0,3,1,0,2023,10
2023-03-13,44946.45,3,0,0,2023,11
2023-03-14,46238.22,3,0,0,2023,11
2023-03-15,51846.56,3,0,0,2023,11
2023-03-16,49340.84,3,0,0,2023,11
2023-03-17,46266.4,3,0,0,2023,11
2023-03-18,41230.99,3,1,0,2023,11
2023-03-19,46481.54,3,1,0,2023,11
2023-03-20,49001.02,3,0,0,2023,12
2023-03-21,50022.89,3,0,0,2023,12
2023-03-22,51766.95,3,0,0,2023,12
2023-03-23,54332.59,3,0,0,2023,12
2023-03-24,55794.96,3,0,0,2023,12
2023-03-25,47524.31,3,1,0,2023,12
2023-03-26,45303.02,3,1,0,2023,12
2023-03-27,51405.22,3,0,0,2023,13
2023-03-28,55451.03,3,0,0,2023,13
2023-03-29,54517.9,3,0,0,2023,13
2023-03-30,50170.94,3,0,0,2023,13
2023-03-31,52092.34,3,0,0,2023,13
2023-04-01,49666.17,4,1,0,2023,13
2023-04-02,49080.53,4,1,0,2023,13
2023-04-03,53700.3,4,0,0,2023,14
2023-04-04,51635.01,4,0,0,2023,14
2023-04-05,53616.95,4,0,0,2023,14
2023-04-06,51092.43,4,0,0,2023,14
2023-04-07,58013.01,4,0,0,2023,14
2023-04-08,50295.83,4,1,0,2023,14
2023-04-09,45940.29,4,1,0,2023,14
2023-04-10,58445.57,4,0,0,2023,15
2023-04-11,57186.13,4,0,0,2023,15
2023-04-12,50186.09,4,0,0,2023,15
2023-04-13,59561.93,4,0,0,2023,15
2023-04-14,56983.98,4,0,0,2023,15
2023-04-15,54120.44,4,1,0,2023,15
2023-04-16,45883.0,4,1,0,2023,15
2023-04-17,56288.37,4,0,0,2023,16
2023-04-18,56020.1,4,0,0,2023,16
2023-04-19,55467.83,4,0,0,2023,16
2023-04-20,55392.1,4,0,0,2023,16
2023-04-21,57598.17,4,0,0,2023,16
2023-04-22,45229.55,4,1,0,2023,16
2023-04-23,45861.15,4,1,0,2023,16
2023-04-24,51481.68,4,0,0,2023,17
2023-04-25,53573.84,4,0,0,2023,17
2023-04-26,53455.15,4,0,0,2023,17
2023-04-27,55888.04,4,0,0,2023,17
2023-04-28,55636.6,4,0,0,2023,17
2023-04-29,49049.52,4,1,0,2023,17
2023-04-30,47280.42,4,1,0,2023,17
2023-05-01,56796.21,5,0,0,2023,18
2023-05-02,60282.97,5,0,0,2023,18
2023-05-03,59811.67,5,0,0,2023,18
2023-05-04,58155.78,5,0,0,2023,18
2023-05-05,57097.8,5,0,0,2023,18
2023-05-06,55787.53,5,1,0,2023,18
2023-05-07,50420.44,5,1,0,2023,18
2023-05-08,59528.24,5,0,0,2023,19
2023-05-09,60791.43,5,0,0,2023,19
2023-05-10,57244.48,5,0,0,2023,19
2023-05-11,59972.61,5,0,0,2023,19
2023-05-12,55120.58,5,0,0,2023,19
2023-05-13,54442.07,5,1,0,2023,19
2023-05-14,52410.5,5,1,0,2023,19
2023-05-15,53945.49,5,0,0,2023,20
2023-05-16,59586.83,5,0,0,2023,20
2023-05-17,55683.12,5,0,0,2023,20
2023-05-18,61119.19,5,0,0,2023,20
2023-05-19,56217.94,5,0,0,2023,20
2023-05-20,51504.38,5,1,0,2023,20
2023-05-21,52624.44,5,1,0,2023,20
2023-05-22,57086.75,5,0,0,2023,21
2023-05-23,58567.54,5,0,0,2023,21
2023-05-24,56536.08,5,0,0,2023,21
2023-05-25,59599.77,5,0,0,2023,21
2023-05-26,57934.71,5,0,0,2023,21
2023-05-27,52449.51,5,1,0,2023,21
2023-05-28,45041.15,5,1,0,2023,21
2023-05-29,60826.96,5,0,0,2023,22
2023-05-30,58003.8,5,0,0,2023,22
2023-05-31,53468.45,5,0,0,2023,22
2023-06-01,59236.28,6,0,0,2023,22
2023-06-02,60166.38,6,0,0,2023,22
2023-06-03,55676.03,6,1,0,2023,22
2023-06-04,50293.2,6,1,0,2023,22
2023-06-05,62868.41,6,0,0,2023,23
2023-06-06,58603.22,6,0,0,2023,23
2023-06-07,64989.25,6,0,0,2023,23
2023-06-08,58637.57,6,0,0,2023,23
2023-06-09,60703.31,6,0,0,2023,23
2023-06-10,52088.28,6,1,0,2023,23
2023-06-11,50215.93,6,1,0,2023,23
2023-06-12,61748.05,6,0,0,2023,24
2023-06-13,61273.06,6,0,0,2023,24
2023-06-14,62854.37,6,0,0,2023,24
2023-06-15,61151.22,6,0,0,2023,24
2023-06-16,57576.66,6,0,0,2023,24
2023-06-17,48854.25,6,1,0,2023,24
2023-06-18,51384.71,6,1,0,2023,24
2023-06-19,57324.45,6,0,0,2023,25
2023-06-20,56974.8,6,0,0,2023,25
2023-06-21,60469.58,6,0,0,2023,25
2023-06-22,59833.9,6,0,0,2023,25
2023-06-23,58340.78,6,0,0,2023,25
2023-06-24,53447.46,6,1,0,2023,25
2023-06-25,52652.73,6,1,0,2023,25
2023-06-26,59549.55,6,0,0,2023,26
2023-06-27,60898.54,6,0,0,2023,26
2023-06-28,61417.82,6,0,0,2023,26
2023-06-29,57305.14,6,0,0,2023,26
2023-06-30,55253.79,6,0,0,2023,26
2023-07-01,55518.34,7,1,0,2023,26
2023-07-02,52236.89,7,1,0,2023,26
2023-07-03,60715.71,7,0,0,2023,27
2023-07-04,53844.42,7,0,0,2023,27
2023-07-05,57128.01,7,0,0,2023,27
2023-07-06,58021.5,7,0,0,2023,27
2023-07-07,54350.89,7,0,0,2023,27
2023-07-08,50665.66,7,1,0,2023,27
2023-07-09,53767.38,7,1,0,2023,27
2023-07-10,60653.4,7,0,0,2023,28
2023-07-11,61943.0,7,0,0,2023,28
2023-07-12,55799.64,7,0,0,2023,28
2023-07-13,54456.09,7,0,0,2023,28
2023-07-14,59261.41,7,0,0,2023,28
2023-07-15,54312.13,7,1,0,2023,28
2023-07-16,52444.39,7,1,0,2023,28
2023-07-17,54708.96,7,0,0,2023,29
2023-07-18,59918.68,7,0,0,2023,29
2023-07-19,59945.62,7,0,0,2023,29
2023-07-20,59348.42,7,0,0,2023,29
2023-07-21,56748.1,7,0,0,2023,29
2023-07-22,52726.73,7,1,0,2023,29
2023-07-23,53944.17,7,1,0,2023,29
2023-07-24,56571.3,7,0,0,2023,30
2023-07-25,53359.73,7,0,0,2023,30
2023-07-26,58791.24,7,0,0,2023,30
2023-07-27,59172.71,7,0,0,2023,30
2023-07-28,58005.19,7,0,0,2023,30
2023-07-29,54195.01,7,1,0,2023,30
2023-07-30,50506.42,7,1,0,2023,30
2023-07-31,57768.1,7,0,0,2023,31
2023-08-01,54283.42,8,0,0,2023,31
2023-08-02,56475.72,8,0,0,2023,31
2023-08-03,59037.2,8,0,0,2023,31
2023-08-04,54420.78,8,0,0,2023,31
2023-08-05,54187.07,8,1,0,2023,31
2023-08-06,52872.84,8,1,0,2023,31
2023-08-07,57027.94,8,0,0,2023,32
2023-08-08,56519.51,8,0,0,2023,32
2023-08-09,59479.86,8,0,0,2023,32
2023-08-10,54602.34,8,0,0,2023,32
2023-08-11,54774.51,8,0,0,2023,32
2023-08-12,46398.78,8,1,0,2023,32
2023-08-13,50238.07,8,1,0,2023,32
2023-08-14,58418.86,8,0,0,2023,33
2023-08-15,56388.62,8,0,0,2023,33
2023-08-16,56116.12,8,0,0,2023,33
2023-08-17,54557.45,8,0,0,2023,33
2023-08-18,55483.97,8,0,0,2023,33
2023-08-19,45498.11,8,1,0,2023,33
2023-08-20,51683.67,8,1,0,2023,33
2023-08-21,54037.49,8,0,0,2023,34
2023-08-22,52301.67,8,0,0,2023,34
2023-08-23,53185.39,8,0,0,2023,34
2023-08-24,53003.42,8,0,0,2023,34
2023-08-25,57203.8,8,0,0,2023,34
2023-08-26,51711.81,8,1,0,2023,34
2023-08-27,45672.88,8,1,0,2023,34
2023-08-28,57383.72,8,0,0,2023,35
2023-08-29,57289.01,8,0,0,2023,35
2023-08-30,53621.23,8,0,0,2023,35
2023-08-31,51354.11,8,0,0,2023,35
2023-09-01,49207.62,9,0,0,2023,35
2023-09-02,43487.47,9,1,0,2023,35
2023-09-03,45928.99,9,1,0,2023,35
2023-09-04,50179.42,9,0,0,2023,36
2023-09-05,46003.72,9,0,0,2023,36
2023-09-06,51659.21,9,0,0,2023,36
2023-09-07,47240.4,9,0,0,2023,36
2023-09-08,53340.46,9,0,0,2023,36
2023-09-09,42060.48,9,1,0,2023,36
2023-09-10,43346.11,9,1,0,2023,36
2023-09-11,48943.51,9,0,0,2023,37
2023-09-12,49723.57,9,0,0,2023,37
2023-09-13,54325.82,9,0,0,2023,37
2023-09-14,53211.62,9,0,0,2023,37
2023-09-15,52586.75,9,0,0,2023,37
2023-09-16,45881.44,9,1,0,2023,37
2023-09-17,41214.53,9,1,0,2023,37
2023-09-18,49783.15,9,0,0,2023,38
2023-09-19,49706.19,9,0,0,2023,38
2023-09-20,48642.68,9,0,0,2023,38
2023-09-21,52359.93,9,0,0,2023,38
2023-09-22,49235.27,9,0,0,2023,38
2023-09-23,43314.28,9,1,0,2023,38
2023-09-24,42478.65,9,1,0,2023,38
2023-09-25,45946.57,9,0,0,2023,39
2023-09-26,52579.32,9,0,0,2023,39
2023-09-27,54419.11,9,0,0,2023,39
2023-09-28,51529.68,9,0,0,2023,39
2023-09-29,48652.0,9,0,0,2023,39
2023-09-30,38331.61,9,1,0,2023,39
2023-10-01,41527.5,10,1,0,2023,39
2023-10-02,50136.74,10,0,0,2023,40
2023-10-03,47839.87,10,0,0,2023,40
2023-10-04,49415.45,10,0,0,2023,40
2023-10-05,50793.85,10,0,0,2023,40
2023-10-06,49916.44,10,0,0,2023,40
2023-10-07,39996.59,10,1,0,2023,40
2023-10-08,43731.87,10,1,0,2023,40
2023-10-09,49040.77,10,0,0,2023,41
2023-10-10,43259.85,10,0,0,2023,41
2023-10-11,46089.91,10,0,0,2023,41
2023-10-12,43544.45,10,0,0,2023,41
2023-10-13,46831.61,10,0,0,2023,41
2023-10-14,42551.32,10,1,0,2023,41
2023-10-15,38436.47,10,1,0,2023,41
2023-10-16,41967.72,10,0,0,2023,42
2023-10-17,50353.85,10,0,0,2023,42
2023-10-18,48050.92,10,0,0,2023,42
2023-10-19,50787.48,10,0,0,2023,42
2023-10-20,43801.23,10,0,0,2023,42
2023-10-21,43762.59,10,1,0,2023,42
2023-10-22,46296.84,10,1,0,2023,42
2023-10-23,52130.61,10,0,0,2023,43
2023-10-24,46588.45,10,0,0,2023,43
2023-10-25,47787.28,10,0,0,2023,43
2023-10-26,46730.18,10,0,0,2023,43
2023-10-27,49612.1,10,0,0,2023,43
2023-10-28,43711.27,10,1,0,2023,43
2023-10-29,41335.05,10,1,0,2023,43
2023-10-30,43720.69,10,0,0,2023,44
2023-10-31,48971.93,10,0,0,2023,44
2023-11-01,43017.2,11,0,0,2023,44
2023-11-02,45764.72,11,0,0,2023,44
2023-11-03,44851.28,11,0,0,2023,44
2023-11-04,42253.32,11,1,0,2023,44
2023-11-05,41039.12,11,1,0,2023,44
2023-11-06,43068.31,11,0,0,2023,45
2023-11-07,45069.14,11,0,0,2023,45
2023-11-08,48607.61,11,0,0,2023,45
2023-11-09,42854.97,11,0,0,2023,45
2023-11-10,45282.59,11,0,0,2023,45
2023-11-11,41176.68,11,1,0,2023,45
2023-11-12,41342.81,11,1,0,2023,45
2023-11-13,45497.91,11,0,0,2023,46
2023-11-14,40901.7,11,0,0,2023,46
2023-11-15,41050.54,11,0,0,2023,46
2023-11-16,44822.45,11,0,0,2023,46
2023-11-17,45172.95,11,0,0,2023,46
2023-11-18,44574.71,11,1,0,2023,46
2023-11-19,36052.73,11,1,0,2023,46
2023-11-20,47051.56,11,0,0,2023,47
2023-11-21,46133.91,11,0,0,2023,47
2023-11-22,40029.78,11,0,0,2023,47
2023-11-23,42163.65,11,0,0,2023,47
2023-11-24,44625.8,11,0,0,2023,47
2023-11-25,36977.13,11,1,0,2023,47
2023-11-26,37825.68,11,1,0,2023,47
2023-11-27,45387.91,11,0,0,2023,48
2023-11-28,42189.78,11,0,0,2023,48
2023-11-29,45380.17,11,0,0,2023,48
2023-11-30,42624.29,11,0,0,2023,48
2023-12-01,41782.37,12,0,0,2023,48
2023-12-02,38486.92,12,1,0,2023,48
2023-12-03,35711.98,12,1,0,2023,48
2023-12-04,43864.38,12,0,0,2023,49
2023-12-05,47145.65,12,0,0,2023,49
2023-12-06,43215.71,12,0,0,2023,49
2023-12-07,42783.61,12,0,0,2023,49
2023-12-08,44987.82,12,0,0,2023,49
2023-12-09,36236.47,12,1,0,2023,49
2023-12-10,39858.23,12,1,0,2023,49
2023-12-11,39944.84,12,0,0,2023,50
2023-12-12,44699.23,12,0,0,2023,50
2023-12-13,41873.4,12,0,0,2023,50
2023-12-14,41157.59,12,0,0,2023,50
2023-12-15,47579.37,12,0,0,2023,50
2023-12-16,35030.73,12,1,0,2023,50
2023-12-17,41548.56,12,1,0,2023,50
2023-12-18,44803.34,12,0,0,2023,51
2023-12-19,46790.95,12,0,0,2023,51
2023-12-20,55717.32,12,0,1,2023,51
2023-12-21,61157.37,12,0,1,2023,51
2023-12-22,61802.68,12,0,1,2023,51
2023-12-23,51870.55,12,1,1,2023,51
2023-12-24,51839.86,12,1,1,2023,51
2023-12-25,64303.23,12,0,1,2023,52
2023-12-26,58607.62,12,0,1,2023,52
2023-12-27,57108.29,12,0,1,2023,52
2023-12-28,56590.72,12,0,1,2023,52
2023-12-29,59281.09,12,0,1,2023,52
2023-12-30,52993.36,12,1,1,2023,52
2023-12-31,52611.91,12,1,1,2023,52
2024-01-01,48544.24,1,0,0,2024,1
2024-01-02,43421.77,1,0,0,2024,1
2024-01-03,45425.01,1,0,0,2024,1
2024-01-04,47891.07,1,0,0,2024,1
2024-01-05,41733.87,1,0,0,2024,1
2024-01-06,40841.34,1,1,0,2024,1
2024-01-07,42825.52,1,1,0,2024,1
2024-01-08,40859.31,1,0,0,2024,2
2024-01-09,41503.16,1,0,0,2024,2
2024-01-10,41651.77,1,0,0,2024,2
2024-01-11,39632.94,1,0,0,2024,2
2024-01-12,45381.17,1,0,0,2024,2
2024-01-13,33609.81,1,1,0,2024,2
2024-01-14,39498.1,1,1,0,2024,2
2024-01-15,47884.65,1,0,0,2024,3
2024-01-16,40214.69,1,0,0,2024,3
2024-01-17,43462.19,1,0,0,2024,3
2024-01-18,39459.25,1,0,0,2024,3
2024-01-19,46202.9,1,0,0,2024,3
2024-01-20,36412.33,1,1,0,2024,3
2024-01-21,37592.07,1,1,0,2024,3
2024-01-22,44393.34,1,0,0,2024,4
2024-01-23,45620.98,1,0,0,2024,4
2024-01-24,43392.12,1,0,0,2024,4
2024-01-25,44297.53,1,0,0,2024,4
2024-01-26,42894.02,1,0,0,2024,4
2024-01-27,38548.04,1,1,0,2024,4
2024-01-28,35330.73,1,1,0,2024,4
2024-01-29,44422.07,1,0,0,2024,5
2024-01-30,39433.25,1,0,0,2024,5
2024-01-31,43039.11,1,0,0,2024,5
2024-02-01,51981.9,2,0,0,2024,5
2024-02-02,47393.28,2,0,0,2024,5
2024-02-03,38045.24,2,1,0,2024,5
2024-02-04,41838.83,2,1,0,2024,5
2024-02-05,44765.89,2,0,0,2024,6
2024-02-06,43069.38,2,0,0,2024,6
2024-02-07,45357.2,2,0,0,2024,6
2024-02-08,49041.37,2,0,0,2024,6
2024-02-09,48159.73,2,0,0,2024,6
2024-02-10,40958.32,2,1,0,2024,6
2024-02-11,38885.13,2,1,0,2024,6
2024-02-12,44505.95,2,0,0,2024,7
2024-02-13,50577.49,2,0,0,2024,7
2024-02-14,47815.43,2,0,0,2024,7
2024-02-15,44825.54,2,0,0,2024,7
2024-02-16,41928.35,2,0,0,2024,7
2024-02-17,37781.49,2,1,0,2024,7
2024-02-18,47395.04,2,1,0,2024,7
2024-02-19,44335.7,2,0,0,2024,8
2024-02-20,47016.75,2,0,0,2024,8
2024-02-21,47734.79,2,0,0,2024,8
2024-02-22,46816.4,2,0,0,2024,8
2024-02-23,46515.63,2,0,0,2024,8
2024-02-24,37778.95,2,1,0,2024,8
2024-02-25,38585.13,2,1,0,2024,8
2024-02-26,51435.4,2,0,0,2024,9
2024-02-27,45323.43,2,0,0,2024,9
2024-02-28,49328.87,2,0,0,2024,9
2024-02-29,42981.33,2,0,0,2024,9
2024-03-01,50531.42,3,0,0,2024,9
2024-03-02,45870.35,3,1,0,2024,9
2024-03-03,47809.68,3,1,0,2024,9
2024-03-04,48412.46,3,0,0,2024,10
2024-03-05,52708.61,3,0,0,2024,10
2024-03-06,52185.75,3,0,0,2024,10
2024-03-07,49377.46,3,0,0,2024,10
2024-03-08,52415.32,3,0,0,2024,10
2024-03-09,42978.16,3,1,0,2024,10
2024-03-10,43233.83,3,1,0,2024,10
2024-03-11,51177.91,3,0,0,2024,11
2024-03-12,44440.79,3,0,0,2024,11
2024-03-13,50952.4,3,0,0,2024,11
2024-03-14,48727.04,3,0,0,2024,11
2024-03-15,47570.96,3,0,0,2024,11
2024-03-16,44166.15,3,1,0,2024,11
2024-03-17,47137.02,3,1,0,2024,11
2024-03-18,50219.28,3,0,0,2024,12
2024-03-19,54395.83,3,0,0,2024,12
2024-03-20,48332.96,3,0,0,2024,12
2024-03-21,47951.94,3,0,0,2024,12
2024-03-22,55111.5,3,0,0,2024,12
2024-03-23,46231.4,3,1,0,2024,12
2024-03-24,47597.74,3,1,0,2024,12
2024-03-25,49168.96,3,0,0,2024,13
2024-03-26,53247.82,3,0,0,2024,13
2024-03-27,51886.83,3,0,0,2024,13
2024-03-28,52859.85,3,0,0,2024,13
2024-03-29,51302.51,3,0,0,2024,13
2024-03-30,48255.74,3,1,0,2024,13
2024-03-31,43618.03,3,1,0,2024,13
2024-04-01,52832.22,4,0,0,2024,14
2024-04-02,51548.46,4,0,0,2024,14
2024-04-03,58144.7,4,0,0,2024,14
2024-04-04,53398.1,4,0,0,2024,14
2024-04-05,52636.75,4,0,0,2024,14
2024-04-06,46896.33,4,1,0,2024,14
2024-04-07,48133.75,4,1,0,2024,14
2024-04-08,52069.02,4,0,0,2024,15
2024-04-09,54521.86,4,0,0,2024,15
2024-04-10,53680.71,4,0,0,2024,15
2024-04-11,53871.42,4,0,0,2024,15
2024-04-12,52851.66,4,0,0,2024,15
2024-04-13,49343.15,4,1,0,2024,15
2024-04-14,48099.84,4,1,0,2024,15
2024-04-15,55539.93,4,0,0,2024,16
2024-04-16,55876.93,4,0,0,2024,16
2024-04-17,56104.89,4,0,0,2024,16
2024-04-18,49781.96,4,0,0,2024,16
2024-04-19,53916.77,4,0,0,2024,16
2024-04-20,47266.95,4,1,0,2024,16
2024-04-21,51193.27,4,1,0,2024,16
2024-04-22,51314.16,4,0,0,2024,17
2024-04-23,53473.02,4,0,0,2024,17
2024-04-24,54525.37,4,0,0,2024,17
2024-04-25,54420.33,4,0,0,2024,17
2024-04-26,57739.75,4,0,0,2024,17
2024-04-27,48155.6,4,1,0,2024,17
2024-04-28,51674.9,4,1,0,2024,17
2024-04-29,51599.98,4,0,0,2024,18
2024-04-30,50734.41,4,0,0,2024,18
2024-05-01,61241.94,5,0,0,2024,18
2024-05-02,59283.74,5,0,0,2024,18
2024-05-03,59414.7,5,0,0,2024,18
2024-05-04,52504.2,5,1,0,2024,18
2024-05-05,53407.81,5,1,0,2024,18
2024-05-06,55158.19,5,0,0,2024,19
2024-05-07,60569.93,5,0,0,2024,19
2024-05-08,56869.04,5,0,0,2024,19
2024-05-09,60664.38,5,0,0,2024,19
2024-05-10,58420.36,5,0,0,2024,19
2024-05-11,47267.52,5,1,0,2024,19
2024-05-12,48984.82,5,1,0,2024,19
2024-05-13,61022.65,5,0,0,2024,20
2024-05-14,57862.16,5,0,0,2024,20
2024-05-15,57216.32,5,0,0,2024,20
2024-05-16,58812.38,5,0,0,2024,20
2024-05-17,57143.87,5,0,0,2024,20
2024-05-18,50846.08,5,1,0,2024,20
2024-05-19,52464.21,5,1,0,2024,20
2024-05-20,58569.71,5,0,0,2024,21
2024-05-21,62001.6,5,0,0,2024,21
2024-05-22,58324.6,5,0,0,2024,21
2024-05-23,62910.84,5,0,0,2024,21
2024-05-24,62719.03,5,0,0,2024,21
2024-05-25,56504.58,5,1,0,2024,21
2024-05-26,54867.45,5,1,0,2024,21
2024-05-27,58540.97,5,0,0,2024,22
2024-05-28,58558.47,5,0,0,2024,22
2024-05-29,57859.8,5,0,0,2024,22
2024-05-30,56389.21,5,0,0,2024,22
2024-05-31,58051.7,5,0,0,2024,22
2024-06-01,51688.36,6,1,0,2024,22
2024-06-02,57390.79,6,1,0,2024,22
2024-06-03,60627.99,6,0,0,2024,23
2024-06-04,58176.49,6,0,0,2024,23
2024-06-05,54504.61,6,0,0,2024,23
2024-06-06,59161.09,6,0,0,2024,23
2024-06-07,58254.57,6,0,0,2024,23
2024-06-08,50581.43,6,1,0,2024,23
2024-06-09,50455.74,6,1,0,2024,23
2024-06-10,53672.35,6,0,0,2024,24
2024-06-11,60720.9,6,0,0,2024,24
2024-06-12,59134.94,6,0,0,2024,24
2024-06-13,65752.59,6,0,0,2024,24
2024-06-14,59223.35,6,0,0,2024,24
2024-06-15,52931.02,6,1,0,2024,24
2024-06-16,56912.86,6,1,0,2024,24
2024-06-17,59638.3,6,0,0,2024,25
2024-06-18,59722.33,6,0,0,2024,25
2024-06-19,58375.86,6,0,0,2024,25
2024-06-20,57792.44,6,0,0,2024,25
2024-06-21,63054.89,6,0,0,2024,25
2024-06-22,55808.37,6,1,0,2024,25
2024-06-23,57598.37,6,1,0,2024,25
2024-06-24,58434.25,6,0,0,2024,26
2024-06-25,59384.91,6,0,0,2024,26
2024-06-26,57108.46,6,0,0,2024,26
2024-06-27,61729.1,6,0,0,2024,26
2024-06-28,55829.22,6,0,0,2024,26
2024-06-29,54724.14,6,1,0,2024,26
2024-06-30,56053.53,6,1,0,2024,26
2024-07-01,61770.62,7,0,0,2024,27
2024-07-02,55893.92,7,0,0,2024,27
2024-07-03,60968.45,7,0,0,2024,27
2024-07-04,56460.99,7,0,0,2024,27
2024-07-05,56353.03,7,0,0,2024,27
2024-07-06,48938.97,7,1,0,2024,27
2024-07-07,55136.34,7,1,0,2024,27
2024-07-08,62369.36,7,0,0,2024,28
2024-07-09,56763.01,7,0,0,2024,28
2024-07-10,56351.12,7,0,0,2024,28
2024-07-11,57403.11,7,0,0,2024,28
2024-07-12,64519.78,7,0,0,2024,28
2024-07-13,54763.13,7,1,0,2024,28
2024-07-14,50896.64,7,1,0,2024,28
2024-07-15,53768.2,7,0,0,2024,29
2024-07-16,56573.02,7,0,0,2024,29
2024-07-17,61223.43,7,0,0,2024,29
2024-07-18,62925.35,7,0,0,2024,29
2024-07-19,57590.93,7,0,0,2024,29
2024-07-20,50529.29,7,1,0,2024,29
2024-07-21,50983.79,7,1,0,2024,29
2024-07-22,53545.18,7,0,0,2024,30
2024-07-23,60530.8,7,0,0,2024,30
2024-07-24,55546.52,7,0,0,2024,30
2024-07-25,60919.68,7,0,0,2024,30
2024-07-26,53993.64,7,0,0,2024,30
2024-07-27,49088.19,7,1,0,2024,30
2024-07-28,52985.27,7,1,0,2024,30
2024-07-29,56356.09,7,0,0,2024,31
2024-07-30,60218.99,7,0,0,2024,31
2024-07-31,58287.28,7,0,0,2024,31
2024-08-01,52402.35,8,0,0,2024,31
2024-08-02,56894.98,8,0,0,2024,31
2024-08-03,51445.66,8,1,0,2024,31
2024-08-04,44559.09,8,1,0,2024,31
2024-08-05,59908.02,8,0,0,2024,32
2024-08-06,56585.94,8,0,0,2024,32
2024-08-07,57244.64,8,0,0,2024,32
2024-08-08,50694.59,8,0,0,2024,32
2024-08-09,53546.29,8,0,0,2024,32
2024-08-10,48473.21,8,1,0,2024,32
2024-08-11,52039.94,8,1,0,2024,32
2024-08-12,51699.08,8,0,0,2024,33
2024-08-13,53139.24,8,0,0,2024,33
2024-08-14,50275.25,8,0,0,2024,33
2024-08-15,54747.76,8,0,0,2024,33
2024-08-16,56216.12,8,0,0,2024,33
2024-08-17,45136.45,8,1,0,2024,33
2024-08-18,47874.65,8,1,0,2024,33
2024-08-19,56629.59,8,0,0,2024,34
2024-08-20,59317.95,8,0,0,2024,34
2024-08-21,57015.34,8,0,0,2024,34
2024-08-22,54596.64,8,0,0,2024,34
2024-08-23,52412.02,8,0,0,2024,34
2024-08-24,47016.61,8,1,0,2024,34
2024-08-25,47697.84,8,1,0,2024,34
2024-08-26,55726.84,8,0,0,2024,35
2024-08-27,55235.98,8,0,0,2024,35
2024-08-28,59528.55,8,0,0,2024,35
2024-08-29,56079.57,8,0,0,2024,35
2024-08-30,52682.79,8,0,0,2024,35
2024-08-31,53224.07,8,1,0,2024,35
2024-09-01,47736.66,9,1,0,2024,35
2024-09-02,51617.51,9,0,0,2024,36
2024-09-03,49562.88,9,0,0,2024,36
2024-09-04,46689.48,9,0,0,2024,36
2024-09-05,48811.69,9,0,0,2024,36
2024-09-06,53647.24,9,0,0,2024,36
2024-09-07,43361.77,9,1,0,2024,36
2024-09-08,42070.28,9,1,0,2024,36
2024-09-09,51859.3,9,0,0,2024,37
2024-09-10,51980.79,9,0,0,2024,37
2024-09-11,52887.97,9,0,0,2024,37
2024-09-12,53011.67,9,0,0,2024,37
2024-09-13,54896.12,9,0,0,2024,37
2024-09-14,43276.11,9,1,0,2024,37
2024-09-15,47821.82,9,1,0,2024,37
2024-09-16,48907.73,9,0,0,2024,38
2024-09-17,53111.73,9,0,0,2024,38
2024-09-18,51825.26,9,0,0,2024,38
2024-09-19,51986.55,9,0,0,2024,38
2024-09-20,53798.7,9,0,0,2024,38
2024-09-21,45336.54,9,1,0,2024,38
2024-09-22,48161.47,9,1,0,2024,38
2024-09-23,53569.98,9,0,0,2024,39
2024-09-24,51721.13,9,0,0,2024,39
2024-09-25,49966.31,9,0,0,2024,39
2024-09-26,49500.31,9,0,0,2024,39
2024-09-27,50066.0,9,0,0,2024,39
2024-09-28,44879.69,9,1,0,2024,39
2024-09-29,45324.24,9,1,0,2024,39
2024-09-30,58839.29,9,0,0,2024,40
2024-10-01,48984.02,10,0,0,2024,40
2024-10-02,49311.78,10,0,0,2024,40
2024-10-03,45238.09,10,0,0,2024,40
2024-10-04,45614.31,10,0,0,2024,40
2024-10-05,40593.51,10,1,0,2024,40
2024-10-06,41872.4,10,1,0,2024,40
2024-10-07,44802.97,10,0,0,2024,41
2024-10-08,51423.44,10,0,0,2024,41
2024-10-09,45986.32,10,0,0,2024,41
2024-10-10,50090.95,10,0,0,2024,41
2024-10-11,41556.26,10,0,0,2024,41
2024-10-12,41379.36,10,1,0,2024,41
2024-10-13,42092.06,10,1,0,2024,41
2024-10-14,47876.86,10,0,0,2024,42
2024-10-15,48903.5,10,0,0,2024,42
2024-10-16,48099.69,10,0,0,2024,42
2024-10-17,47806.66,10,0,0,2024,42
2024-10-18,42670.29,10,0,0,2024,42
2024-10-19,39618.65,10,1,0,2024,42
2024-10-20,35546.77,10,1,0,2024,42
2024-10-21,48975.29,10,0,0,2024,43
2024-10-22,48173.42,10,0,0,2024,43
2024-10-23,46917.28,10,0,0,2024,43
2024-10-24,45352.96,10,0,0,2024,43
2024-10-25,45953.04,10,0,0,2024,43
2024-10-26,46021.73,10,1,0,2024,43
2024-10-27,45736.8,10,1,0,2024,43
2024-10-28,47263.96,10,0,0,2024,44
2024-10-29,50630.47,10,0,0,2024,44
2024-10-30,43441.31,10,0,0,2024,44
2024-10-31,42574.18,10,0,0,2024,44
2024-11-01,43277.08,11,0,0,2024,44
2024-11-02,36298.01,11,1,0,2024,44
2024-11-03,37088.29,11,1,0,2024,44
2024-11-04,44957.35,11,0,0,2024,45
2024-11-05,52050.08,11,0,0,2024,45
2024-11-06,42836.52,11,0,0,2024,45
2024-11-07,44613.43,11,0,0,2024,45
2024-11-08,45180.91,11,0,0,2024,45
2024-11-09,38405.24,11,1,0,2024,45
2024-11-10,40819.06,11,1,0,2024,45
2024-11-11,48931.26,11,0,0,2024,46
2024-11-12,41384.44,11,0,0,2024,46
2024-11-13,44898.53,11,0,0,2024,46
2024-11-14,43832.56,11,0,0,2024,46
2024-11-15,45386.5,11,0,0,2024,46
2024-11-16,34667.34,11,1,0,2024,46
2024-11-17,34102.54,11,1,0,2024,46
2024-11-18,38706.68,11,0,0,2024,47
2024-11-19,45812.32,11,0,0,2024,47
2024-11-20,44979.79,11,0,0,2024,47
2024-11-21,44684.7,11,0,0,2024,47
2024-11-22,38584.86,11,0,0,2024,47
2024-11-23,37568.26,11,1,0,2024,47
2024-11-24,36614.97,11,1,0,2024,47
2024-11-25,40969.51,11,0,0,2024,48
2024-11-26,42215.76,11,0,0,2024,48
2024-11-27,46249.65,11,0,0,2024,48
2024-11-28,45866.56,11,0,0,2024,48
2024-11-29,44450.32,11,0,0,2024,48
2024-11-30,39793.76,11,1,0,2024,48
2024-12-01,35928.14,12,1,0,2024,48
2024-12-02,43615.55,12,0,0,2024,49
2024-12-03,43539.09,12,0,0,2024,49
2024-12-04,44825.2,12,0,0,2024,49
2024-12-05,43265.07,12,0,0,2024,49
2024-12-06,43082.92,12,0,0,2024,49
2024-12-07,37104.81,12,1,0,2024,49
2024-12-08,35830.07,12,1,0,2024,49
2024-12-09,49027.15,12,0,0,2024,50
2024-12-10,44729.51,12,0,0,2024,50
2024-12-11,44517.08,12,0,0,2024,50
2024-12-12,49174.65,12,0,0,2024,50
2024-12-13,46953.92,12,0,0,2024,50
2024-12-14,33555.9,12,1,0,2024,50
2024-12-15,39186.34,12,1,0,2024,50
2024-12-16,45543.72,12,0,0,2024,51
2024-12-17,48161.88,12,0,0,2024,51
2024-12-18,46739.62,12,0,0,2024,51
2024-12-19,45377.79,12,0,0,2024,51
2024-12-20,55508.96,12,0,1,2024,51
2024-12-21,50276.1,12,1,1,2024,51
2024-12-22,53125.73,12,1,1,2024,51
2024-12-23,59716.66,12,0,1,2024,52
2024-12-24,55901.43,12,0,1,2024,52
2024-12-25,57494.6,12,0,1,2024,52
2024-12-26,57456.15,12,0,1,2024,52
2024-12-27,58608.98,12,0,1,2024,52
2024-12-28,53299.27,12,1,1,2024,52
2024-12-29,51741.97,12,1,1,2024,52
2024-12-30,55367.91,12,0,1,2024,1
2024-12-31,61567.48,12,0,1,2024,1
